# insert data into table combos

INSERT INTO `project_1`.`combos` (`comboid`, `comboname`, `customernum`, `makeup`, `costume`, `props`, `photonum`) VALUES ('1', 'primary_single', 'single', 'no', 'no', 'no', '10');
INSERT INTO `project_1`.`combos` (`comboid`, `comboname`, `customernum`, `makeup`, `costume`, `props`, `photonum`) VALUES ('2', 'junior_single', 'single', 'yes', 'no', 'no', '20');
INSERT INTO `project_1`.`combos` (`comboid`, `comboname`, `customernum`, `makeup`, `costume`, `props`, `photonum`) VALUES ('3', 'senior_single', 'single', 'yes', 'yes', 'no', '30');
INSERT INTO `project_1`.`combos` (`comboid`, `comboname`, `customernum`, `makeup`, `costume`, `props`, `photonum`) VALUES ('4', 'package_single', 'single', 'yes', 'yes', 'yes', '50');
INSERT INTO `project_1`.`combos` (`comboid`, `comboname`, `customernum`, `makeup`, `costume`, `props`, `photonum`) VALUES ('5', 'primary_double', 'double', 'no', 'no', 'no', '10');
INSERT INTO `project_1`.`combos` (`comboid`, `comboname`, `customernum`, `makeup`, `costume`, `props`, `photonum`) VALUES ('6', 'junior_double', 'double', 'yes', 'no', 'no', '20');
INSERT INTO `project_1`.`combos` (`comboid`, `comboname`, `customernum`, `makeup`, `costume`, `props`, `photonum`) VALUES ('7', 'senior_double', 'double', 'yes', 'yes', 'no', '30');
INSERT INTO `project_1`.`combos` (`comboid`, `comboname`, `customernum`, `makeup`, `costume`, `props`, `photonum`) VALUES ('8', 'package_double', 'double', 'yes', 'yes', 'yes', '50');
INSERT INTO `project_1`.`combos` (`comboid`, `comboname`, `customernum`, `makeup`, `costume`, `props`, `photonum`) VALUES ('9', 'primary_group', 'group', 'no', 'no', 'no', '10');
INSERT INTO `project_1`.`combos` (`comboid`, `comboname`, `customernum`, `makeup`, `costume`, `props`, `photonum`) VALUES ('10', 'junior_group', 'group', 'yes', 'no', 'no', '20');
INSERT INTO `project_1`.`combos` (`comboid`, `comboname`, `customernum`, `makeup`, `costume`, `props`, `photonum`) VALUES ('11', 'senior_group', 'group', 'yes', 'yes', 'no', '30');
INSERT INTO `project_1`.`combos` (`comboid`, `comboname`, `customernum`, `makeup`, `costume`, `props`, `photonum`) VALUES ('12', 'package_group', 'group', 'yes', 'yes', 'yes', '50');

# insert data into table customers

INSERT INTO `project_1`.`customers` (`cusid`, `name`, `gender`, `birth`, `school`, `address`, `phone`, `wechat`, `favorite_style`) VALUES ('00001', 'Yuan Xia', 'F', '1998-02-03', 'No.27 Zhongguancun South Street', 'Minzu University of China', '17832783764', 'wxid_dashdaofhdasda', 'han_dynasty');
INSERT INTO `project_1`.`customers` (`cusid`, `name`, `gender`, `birth`, `school`, `address`, `phone`, `wechat`, `favorite_style`) VALUES ('00002', 'Zhong Xinyu', 'F', '1997-11-02', 'No. 59 Zhongguancun Street', 'Renmin University of China', '18831213932', 'xxxxyu', 'black&white');
INSERT INTO `project_1`.`customers` (`cusid`, `name`, `gender`, `birth`, `school`, `address`, `phone`, `wechat`, `favorite_style`) VALUES ('00003', 'Li Minglang', 'F', '1990-02-27', 'No. 59 Zhongguancun Street', 'Renmin University of China', '13692180412', 'der13692180412', 'street');
INSERT INTO `project_1`.`customers` (`cusid`, `name`, `gender`, `birth`, `school`, `address`, `phone`, `wechat`, `favorite_style`) VALUES ('00004', 'Li Xiang', 'F', '1997-12-15', 'No.39 College Road', 'Central University of Finance and Economics', '18608214343', 'diosaruoer', 'graduate');
INSERT INTO `project_1`.`customers` (`cusid`, `name`, `gender`, `birth`, `school`, `address`, `phone`, `wechat`, `favorite_style`) VALUES ('00005', 'Liu Mingyuan', 'M', '1996-04-02', 'No. 59 Zhongguancun Street', 'Renmin University of China', '13174323121', '1317432ewqrew3121', 'han_dynasty');
INSERT INTO `project_1`.`customers` (`cusid`, `name`, `gender`, `birth`, `school`, `address`, `phone`, `wechat`, `favorite_style`) VALUES ('00006', 'Xia Pengbo', 'F', '1998-02-04', 'No. 59 Zhongguancun Street', 'Renmin University of China', '15523243554', 'reroeiurioe', 'black&white');
INSERT INTO `project_1`.`customers` (`cusid`, `name`, `gender`, `birth`, `school`, `address`, `phone`, `wechat`, `favorite_style`) VALUES ('00007', 'Chen Puwei', 'F', '1996-04-02', 'No. 59 Zhongguancun Street', 'Renmin University of China', '15289434324', 'wxid_dsjaifeorqw', 'street');
INSERT INTO `project_1`.`customers` (`cusid`, `name`, `gender`, `birth`, `school`, `address`, `phone`, `wechat`, `favorite_style`) VALUES ('00008', 'Bai Yulu', 'M', '1998-11-11', 'No.5 Zhongguancun South Street', 'BEIJING INSTITUTE OF TECHNOLOGY', '13932194853', 'ioaspieos', 'graduate');
INSERT INTO `project_1`.`customers` (`cusid`, `name`, `gender`, `birth`, `school`, `address`, `phone`, `wechat`, `favorite_style`) VALUES ('00009', 'Dong Ming', 'F', '1999-03-02', 'No. 59 Zhongguancun Street', 'Renmin University of China', '18843102391', 'djioaroqw', 'han_dynasty');
INSERT INTO `project_1`.`customers` (`cusid`, `name`, `gender`, `birth`, `school`, `address`, `phone`, `wechat`, `favorite_style`) VALUES ('00010', 'Li Yu', 'F', '1994-10-09', 'No. 59 Zhongguancun Street', 'Renmin University of China', '15934290353', '15934gstrwt290353', 'ROC');
INSERT INTO `project_1`.`customers` (`cusid`, `name`, `gender`, `birth`, `school`, `address`, `phone`, `wechat`, `favorite_style`) VALUES ('00011', 'Chen Yu', 'F', '1996-03-04', 'No. 59 Zhongguancun Street', 'Renmin University of China', '15839854394', '158398gfrtwt54394', 'cosplay');
INSERT INTO `project_1`.`customers` (`cusid`, `name`, `gender`, `birth`, `school`, `address`, `phone`, `wechat`, `favorite_style`) VALUES ('00012', 'Liu Fang', 'M', '1997-04-02', 'No. 59 Zhongguancun Street', 'Renmin University of China', '13943204905', 'fkuwqueoqw', 'Japanese');
INSERT INTO `project_1`.`customers` (`cusid`, `name`, `gender`, `birth`, `school`, `address`, `phone`, `wechat`, `favorite_style`) VALUES ('00013', 'Fan Xiao', 'F', '1996-01-20', 'No. 59 Zhongguancun Street', 'Renmin University of China', '18843502459', 'piwqueqwuepqw', 'street');
INSERT INTO `project_1`.`customers` (`cusid`, `name`, `gender`, `birth`, `school`, `address`, `phone`, `wechat`, `favorite_style`) VALUES ('00014', 'Ming Dao', 'F', '1995-04-02', 'No. 59 Zhongguancun Street', 'Renmin University of China', '13632198493', '1363219grst8493', 'graduate');
INSERT INTO `project_1`.`customers` (`cusid`, `name`, `gender`, `birth`, `school`, `address`, `phone`, `wechat`, `favorite_style`) VALUES ('00015', 'Xu Peng', 'F', '1994-02-04', 'No.39 College Road', 'Central University of Finance and Economics', '13343895252', 'gjwheuoryoe', 'han_dynasty');
INSERT INTO `project_1`.`customers` (`cusid`, `name`, `gender`, `birth`, `school`, `address`, `phone`, `wechat`, `favorite_style`) VALUES ('00016', 'Wang Yu', 'M', '1996-04-22', 'No. 59 Zhongguancun Street', 'Renmin University of China', '13448932859', '1344trwtww8932859', 'ROC');
INSERT INTO `project_1`.`customers` (`cusid`, `name`, `gender`, `birth`, `school`, `address`, `phone`, `wechat`, `favorite_style`) VALUES ('00017', 'Liu Lu', 'F', '1993-12-03', 'No. 59 Zhongguancun Street', 'Renmin University of China', '18943104932', 'FOYQWUOQY', 'han_dynasty');
INSERT INTO `project_1`.`customers` (`cusid`, `name`, `gender`, `birth`, `school`, `address`, `phone`, `wechat`, `favorite_style`) VALUES ('00018', 'Tong Zhao', 'F', '1995-10-05', 'No.5 Zhongguancun South Street', 'BEIJING INSTITUTE OF TECHNOLOGY', '13243289582', '1324tw533289582', 'han_dynasty');
INSERT INTO `project_1`.`customers` (`cusid`, `name`, `gender`, `birth`, `school`, `address`, `phone`, `wechat`, `favorite_style`) VALUES ('00019', 'Seven', 'F', '1996-07-29', 'No. 59 Zhongguancun Street', 'Renmin University of China', '13943732787', 'HaloSeven', 'street');
INSERT INTO `project_1`.`customers` (`cusid`, `name`, `gender`, `birth`, `school`, `address`, `phone`, `wechat`, `favorite_style`) VALUES ('00020', 'Yu Xuan', 'M', '1998-03-20', 'No. 59 Zhongguancun Street', 'Renmin University of China', '18831234331', 'YXYXYXYXYX', 'black&white');
INSERT INTO `project_1`.`customers` (`cusid`, `name`, `gender`, `birth`, `school`, `address`, `phone`, `wechat`, `favorite_style`) VALUES ('00021', 'Zhang Yihan', 'F', '1997-03-29', 'No.27 Zhongguancun South Street', 'Minzu University of China', '17387843823', 'ZYH19970329', 'campus');
INSERT INTO `project_1`.`customers` (`cusid`, `name`, `gender`, `birth`, `school`, `address`, `phone`, `wechat`, `favorite_style`) VALUES ('00022', 'Zheng Yazhi', 'F', '1999-03-02', 'No. 59 Zhongguancun Street', 'Renmin University of China', '13943847234', 'wxid_dhasdhjafhdjfdf', 'Western');
INSERT INTO `project_1`.`customers` (`cusid`, `name`, `gender`, `birth`, `school`, `address`, `phone`, `wechat`, `favorite_style`) VALUES ('00023', 'Bai Guangdi', 'M', '1996-07-07', 'No. 59 Zhongguancun Street', 'Renmin University of China', '15513787847', 'Guangdiguangdi', 'ROC');
INSERT INTO `project_1`.`customers` (`cusid`, `name`, `gender`, `birth`, `school`, `address`, `phone`, `wechat`, `favorite_style`) VALUES ('00024', 'Tang Yilin', 'F', '1997-08-31', 'No. 59 Zhongguancun Street', 'Renmin University of China', '13348374832', 'TTTTTTTTTian', 'ROC');
INSERT INTO `project_1`.`customers` (`cusid`, `name`, `gender`, `birth`, `school`, `address`, `phone`, `wechat`, `favorite_style`) VALUES ('00025', 'Ju Congyi', 'F', '1996-08-01', 'No. 59 Zhongguancun Street', 'Renmin University of China', '17773289382', 'Congyizhanggaogao', 'campus');
INSERT INTO `project_1`.`customers` (`cusid`, `name`, `gender`, `birth`, `school`, `address`, `phone`, `wechat`, `favorite_style`) VALUES ('00026', 'Chen Qian', 'M', '1995-06-02', 'No.5 Yihe Road', 'Peking University', '13973827811', 'CQClove4for', 'Japanese');
INSERT INTO `project_1`.`customers` (`cusid`, `name`, `gender`, `birth`, `school`, `address`, `phone`, `wechat`, `favorite_style`) VALUES ('00027', 'Li Kunling', 'F', '1999-03-02', 'No.39 College Road', 'Central University of Finance and Economics', '18832371728', 'wxid_dashdhsaf', 'street');
INSERT INTO `project_1`.`customers` (`cusid`, `name`, `gender`, `birth`, `school`, `address`, `phone`, `wechat`, `favorite_style`) VALUES ('00028', 'Shan Rong', 'F', '1997-02-12', 'No. 59 Zhongguancun Street', 'Renmin University of China', '18717388672', 'Srcheerup', 'graduate');
INSERT INTO `project_1`.`customers` (`cusid`, `name`, `gender`, `birth`, `school`, `address`, `phone`, `wechat`, `favorite_style`) VALUES ('00029', 'Shen guang', 'F', '1998-03-02', 'No. 59 Zhongguancun Street', 'Renmin University of China', '17832378743', 'wxid_dhasjhdjahf', 'Japanese');
INSERT INTO `project_1`.`customers` (`cusid`, `name`, `gender`, `birth`, `school`, `address`, `phone`, `wechat`, `favorite_style`) VALUES ('00030', 'Cindy&Heidy', 'F', '1994-02-26', 'No.10 Huixindong Street', 'University of International Business and Economics', '13972828738', 'wxid_sahdajksdasdasda', 'han_dynasty');
INSERT INTO `project_1`.`customers` (`cusid`, `name`, `gender`, `birth`, `school`, `address`, `phone`, `wechat`, `favorite_style`) VALUES ('00031', 'Sun Shanbin', 'M', '1991-08-02', 'No.5 Zhongguancun South Street', 'BEIJING INSTITUTE OF TECHNOLOGY', '18823217832', 'wxid_dasdkjfkasadasd', 'Western');
INSERT INTO `project_1`.`customers` (`cusid`, `name`, `gender`, `birth`, `school`, `address`, `phone`, `wechat`, `favorite_style`) VALUES ('00032', 'Chen Xinyu', 'F', '1996-08-30', 'No. 59 Zhongguancun Street', 'Renmin University of China', '18813153766', 'Spinach233333', 'Japaneses');
INSERT INTO `project_1`.`customers` (`cusid`, `name`, `gender`, `birth`, `school`, `address`, `phone`, `wechat`, `favorite_style`) VALUES ('00033', 'Yang Ting', 'F', '1995-02-02', 'No. 59 Zhongguancun Street', 'Renmin University of China', '17837243021', 'wxid_dashdjfhad', 'ROC');
INSERT INTO `project_1`.`customers` (`cusid`, `name`, `gender`, `birth`, `school`, `address`, `phone`, `wechat`, `favorite_style`) VALUES ('00034', 'Ying Yu', 'F', '1996-03-20', 'No.5 Yihe Road', 'Peking University', '18812321479', '18rwetw35812321479', 'campus');
INSERT INTO `project_1`.`customers` (`cusid`, `name`, `gender`, `birth`, `school`, `address`, `phone`, `wechat`, `favorite_style`) VALUES ('00035', 'Yang Wenyi', 'F', '1998-02-03', 'No. 59 Zhongguancun Street', 'Renmin University of China', '17743849032', 'ruiaudiosaud', 'han_dynasty');
INSERT INTO `project_1`.`customers` (`cusid`, `name`, `gender`, `birth`, `school`, `address`, `phone`, `wechat`, `favorite_style`) VALUES ('00036', 'Hu Siyi', 'F', '1996-02-03', 'No. 60 Zhongguancun Street', 'Renmin University of China', '13798410401', '13rqeq2798410401', 'street');
INSERT INTO `project_1`.`customers` (`cusid`, `name`, `gender`, `birth`, `school`, `address`, `phone`, `wechat`, `favorite_style`) VALUES ('00037', 'Yan Shigeng', 'M', '2000-01-03', 'No. 61 Zhongguancun Street', 'Renmin University of China', '15541394893', 'rqoiw90qrp', 'Han');
INSERT INTO `project_1`.`customers` (`cusid`, `name`, `gender`, `birth`, `school`, `address`, `phone`, `wechat`, `favorite_style`) VALUES ('00038', 'Luo Yuan', 'F', '1996-05-03', 'No. 62 Zhongguancun Street', 'Renmin University of China', '13649184901', '136491rera84901', 'street');
INSERT INTO `project_1`.`customers` (`cusid`, `name`, `gender`, `birth`, `school`, `address`, `phone`, `wechat`, `favorite_style`) VALUES ('00039', 'Li Lanfeng', 'F', '1997-12-13', 'No. 63 Zhongguancun Street', 'Renmin University of China', '13941378473', '1394137dsf8473', 'han_dynasty');
INSERT INTO `project_1`.`customers` (`cusid`, `name`, `gender`, `birth`, `school`, `address`, `phone`, `wechat`, `favorite_style`) VALUES ('00040', 'Zhao Siqi', 'F', '1997-02-04', 'No. 64 Zhongguancun Street', 'Renmin University of China', '18841347183', 'tweo-2893qetj ', 'black&white');
INSERT INTO `project_1`.`customers` (`cusid`, `name`, `gender`, `birth`, `school`, `address`, `phone`, `wechat`, `favorite_style`) VALUES ('00041', 'Piao Fanru', 'F', '1999-05-06', 'No. 65 Zhongguancun Street', 'Renmin University of China', '17748139842', 'rjpeur0qfr', 'street');
INSERT INTO `project_1`.`customers` (`cusid`, `name`, `gender`, `birth`, `school`, `address`, `phone`, `wechat`, `favorite_style`) VALUES ('00042', 'Li Wenhao', 'F', '1994-11-11', 'No. 66 Zhongguancun Street', 'Renmin University of China', '18983921290', '189839erq2RFS21290', 'han_dynasty');
INSERT INTO `project_1`.`customers` (`cusid`, `name`, `gender`, `birth`, `school`, `address`, `phone`, `wechat`, `favorite_style`) VALUES ('00043', 'Nan feng', 'F', '1998-05-02', 'No.5 Yihe Road', 'Peking University', '13043884783', 'WEIRUW13043884783', 'black&white');
INSERT INTO `project_1`.`customers` (`cusid`, `name`, `gender`, `birth`, `school`, `address`, `phone`, `wechat`, `favorite_style`) VALUES ('00044', 'Laura', 'F', '1996-08-22', 'No. 66 Zhongguancun Street', 'Renmin University of China', '18843847831', 'eoirq9rq0', 'Japanese');
INSERT INTO `project_1`.`customers` (`cusid`, `name`, `gender`, `birth`, `school`, `address`, `phone`, `wechat`, `favorite_style`) VALUES ('00045', 'Helen', 'F', '1995-10-31', 'No. 66 Zhongguancun Street', 'Renmin University of China', '13947384734', '139473FSRW84734', 'han_dynasty');
INSERT INTO `project_1`.`customers` (`cusid`, `name`, `gender`, `birth`, `school`, `address`, `phone`, `wechat`, `favorite_style`) VALUES ('00046', 'Gu Xinyi', 'F', '1996-12-03', 'No. 66 Zhongguancun Street', 'Renmin University of China', '13349178297', 'rou0rq0wajrusi', 'black&white');
INSERT INTO `project_1`.`customers` (`cusid`, `name`, `gender`, `birth`, `school`, `address`, `phone`, `wechat`, `favorite_style`) VALUES ('00047', 'Li Lang', 'F', '2001-03-04', 'No.5 Yihe Road', 'Peking University', '13943847837', '13943fewrw847837', 'Japanese');
INSERT INTO `project_1`.`customers` (`cusid`, `name`, `gender`, `birth`, `school`, `address`, `phone`, `wechat`, `favorite_style`) VALUES ('00048', 'Luo Xin', 'F', '1995-10-10', 'No. 66 Zhongguancun Street', 'Renmin University of China', '13748347839', 'eur9ieyffdskjr', 'black&white');
INSERT INTO `project_1`.`customers` (`cusid`, `name`, `gender`, `birth`, `school`, `address`, `phone`, `wechat`, `favorite_style`) VALUES ('00049', 'Yun Qi', 'F', '1995-11-24', 'No. 59 Zhongguancun Street', 'Renmin University of China', '15362621937', 'YunqiUp', 'Japanese');



# insert data into table photographers

INSERT INTO `project_1`.`photographers` (`phid`, `name`, `gender`, `birth`, `school`, `address`, `phone`, `wechat`, `level`) VALUES ('10001', 'Yongyuan Tang', 'M ', '1995/2/1', 'Renmin University of China', 'No. 59 Zhongguancun Street', '13661378687', 'youcanmakeit', '2');
INSERT INTO `project_1`.`photographers` (`phid`, `name`, `gender`, `birth`, `school`, `address`, `phone`, `wechat`, `level`) VALUES ('10002', 'Jiaxin Wang', 'M ', '1996/5/29', 'Renmin University of China', 'No. 59 Zhongguancun Street', '18819283726', 'wjxj57279910', '2');
INSERT INTO `project_1`.`photographers` (`phid`, `name`, `gender`, `birth`, `school`, `address`, `phone`, `wechat`, `level`) VALUES ('10003', 'Yating Chen', 'F', '1996/9/29', 'Renmin University of China', 'No. 59 Zhongguancun Street', '13528392817', 'smmove19283', '2');
INSERT INTO `project_1`.`photographers` (`phid`, `name`, `gender`, `birth`, `school`, `address`, `phone`, `wechat`, `level`) VALUES ('10004', 'Ruochen Wang', 'F', '1997/6/28', 'Renmin University of China', 'No. 59 Zhongguancun Street', '15600683924', 'ruochenwang1829', '2');
INSERT INTO `project_1`.`photographers` (`phid`, `name`, `gender`, `birth`, `school`, `address`, `phone`, `wechat`, `level`) VALUES ('10005', 'Kaishan Wang', 'F', '1997/5/16', 'Renmin University of China', '', '15648396939', 'wangxiaoxie', '3');
INSERT INTO `project_1`.`photographers` (`phid`, `name`, `gender`, `birth`, `school`, `address`, `phone`, `wechat`, `level`) VALUES ('10006', 'Yinxin Chen', 'F', '1995/2/13', 'Peking University', 'No.5 Yihe Road', '15911084738', 'chener1995', '3');
INSERT INTO `project_1`.`photographers` (`phid`, `name`, `gender`, `birth`, `school`, `address`, `phone`, `wechat`, `level`) VALUES ('10007', 'Qiyue Xia', 'F ', '1994/1/4', 'Fudan University', '57?Wudong?Road,?Yangpu?District,?Shanghai', '13466683329', 'xiaxiexie291', '3');
INSERT INTO `project_1`.`photographers` (`phid`, `name`, `gender`, `birth`, `school`, `address`, `phone`, `wechat`, `level`) VALUES ('10008', 'Yang Ting', 'F', '1995/12/2', 'Renmin University of China', 'No. 59 Zhongguancun Street', '18811765857', 'wxid_dashdjfhad', '1');
INSERT INTO `project_1`.`photographers` (`phid`, `name`, `gender`, `birth`, `school`, `address`, `phone`, `wechat`, `level`) VALUES ('10009', 'Xinyu Chen             ', 'F', '1996/3/19', 'Renmin University of China', 'No. 59 Zhongguancun Street', '15501093899', 'wxid_slwpejfk', '1');
INSERT INTO `project_1`.`photographers` (`phid`, `name`, `gender`, `birth`, `school`, `address`, `phone`, `wechat`, `level`) VALUES ('10010', 'Ziqian Deng', 'M ', '1996/10/14', 'Renmin University of China', 'No. 59 Zhongguancun Street', '18829094291', 'whatyouneed233', '1');
INSERT INTO `project_1`.`photographers` (`phid`, `name`, `gender`, `birth`, `school`, `address`, `phone`, `wechat`, `level`) VALUES ('10011', 'Xintong Du', 'F', '1996/12/8', 'Renmin University of China', 'No. 59 Zhongguancun Street', '18813006878', 'xintongupup', '2');
INSERT INTO `project_1`.`photographers` (`phid`, `name`, `gender`, `birth`, `school`, `address`, `phone`, `wechat`, `level`) VALUES ('10012', 'Yi Cen', 'F', '1995/6/18', 'Renmin University of China', 'No. 59 Zhongguancun Street', '15638603922', 'melodie57', '2');
INSERT INTO `project_1`.`photographers` (`phid`, `name`, `gender`, `birth`, `school`, `address`, `phone`, `wechat`, `level`) VALUES ('10013', 'Feng Dong', 'M ', '1994/10/13', 'Renmin University of China', 'No. 59 Zhongguancun Street', '15691810867', 'icedong1996', '2');
INSERT INTO `project_1`.`photographers` (`phid`, `name`, `gender`, `birth`, `school`, `address`, `phone`, `wechat`, `level`) VALUES ('10014', 'Xiang Gao', 'F', '1996/12/19', 'Renmin University of China', 'No. 60 Zhongguancun Street', '15650712391', 'gaoxiangxiannv', '2');
INSERT INTO `project_1`.`photographers` (`phid`, `name`, `gender`, `birth`, `school`, `address`, `phone`, `wechat`, `level`) VALUES ('10015', 'Yinhua Huang', 'M ', '1994/9/26', 'Renmin University of China', 'No. 61 Zhongguancun Street', '13391810790', 'huahuaalice', '2');
INSERT INTO `project_1`.`photographers` (`phid`, `name`, `gender`, `birth`, `school`, `address`, `phone`, `wechat`, `level`) VALUES ('10016', 'Taiyi Li', 'F', '1996/9/23', 'Renmin University of China', 'No. 62 Zhongguancun Street', '17892014538', 'wxid_weiu4jsdo2', '2');
INSERT INTO `project_1`.`photographers` (`phid`, `name`, `gender`, `birth`, `school`, `address`, `phone`, `wechat`, `level`) VALUES ('10017', 'Jinglang Mai', 'M ', '1996/8/15', 'Beijing University of Posts and Telecommunications', 'No.10 Xitucheng Road', '18812306890', 'jionglang988', '2');
INSERT INTO `project_1`.`photographers` (`phid`, `name`, `gender`, `birth`, `school`, `address`, `phone`, `wechat`, `level`) VALUES ('10018', 'Zhenyang Zhang', 'M ', '1995/12/28', 'Beijing University of Posts and Telecommunications', 'No.10 Xitucheng Road', '17820098760', 'March_zzy', '3');
INSERT INTO `project_1`.`photographers` (`phid`, `name`, `gender`, `birth`, `school`, `address`, `phone`, `wechat`, `level`) VALUES ('10019', 'Yinan Li', 'F ', '1995/2/2', 'Renmin University of China', 'No. 62 Zhongguancun Street', '13380962413', 'Nannansky', '3');


# insert data into table pricelist


INSERT INTO `project_1`.`pricelist` (`comboid`, `level`, `price`) VALUES ('1', '1', '200');
INSERT INTO `project_1`.`pricelist` (`comboid`, `level`, `price`) VALUES ('2', '1', '280');
INSERT INTO `project_1`.`pricelist` (`comboid`, `level`, `price`) VALUES ('3', '1', '360');
INSERT INTO `project_1`.`pricelist` (`comboid`, `level`, `price`) VALUES ('4', '1', '420');
INSERT INTO `project_1`.`pricelist` (`comboid`, `level`, `price`) VALUES ('5', '1', '300');
INSERT INTO `project_1`.`pricelist` (`comboid`, `level`, `price`) VALUES ('6', '1', '400');
INSERT INTO `project_1`.`pricelist` (`comboid`, `level`, `price`) VALUES ('7', '1', '500');
INSERT INTO `project_1`.`pricelist` (`comboid`, `level`, `price`) VALUES ('8', '1', '600');
INSERT INTO `project_1`.`pricelist` (`comboid`, `level`, `price`) VALUES ('9', '1', '550');
INSERT INTO `project_1`.`pricelist` (`comboid`, `level`, `price`) VALUES ('10', '1', '700');
INSERT INTO `project_1`.`pricelist` (`comboid`, `level`, `price`) VALUES ('11', '1', '850');
INSERT INTO `project_1`.`pricelist` (`comboid`, `level`, `price`) VALUES ('12', '1', '1000');
INSERT INTO `project_1`.`pricelist` (`comboid`, `level`, `price`) VALUES ('1', '2', '300');
INSERT INTO `project_1`.`pricelist` (`comboid`, `level`, `price`) VALUES ('2', '2', '400');
INSERT INTO `project_1`.`pricelist` (`comboid`, `level`, `price`) VALUES ('3', '2', '500');
INSERT INTO `project_1`.`pricelist` (`comboid`, `level`, `price`) VALUES ('4', '2', '600');
INSERT INTO `project_1`.`pricelist` (`comboid`, `level`, `price`) VALUES ('5', '2', '450');
INSERT INTO `project_1`.`pricelist` (`comboid`, `level`, `price`) VALUES ('6', '2', '600');
INSERT INTO `project_1`.`pricelist` (`comboid`, `level`, `price`) VALUES ('7', '2', '750');
INSERT INTO `project_1`.`pricelist` (`comboid`, `level`, `price`) VALUES ('8', '2', '900');
INSERT INTO `project_1`.`pricelist` (`comboid`, `level`, `price`) VALUES ('9', '2', '800');
INSERT INTO `project_1`.`pricelist` (`comboid`, `level`, `price`) VALUES ('10', '2', '1000');
INSERT INTO `project_1`.`pricelist` (`comboid`, `level`, `price`) VALUES ('11', '2', '1200');
INSERT INTO `project_1`.`pricelist` (`comboid`, `level`, `price`) VALUES ('12', '2', '1400');
INSERT INTO `project_1`.`pricelist` (`comboid`, `level`, `price`) VALUES ('1', '3', '400');
INSERT INTO `project_1`.`pricelist` (`comboid`, `level`, `price`) VALUES ('2', '3', '520');
INSERT INTO `project_1`.`pricelist` (`comboid`, `level`, `price`) VALUES ('3', '3', '640');
INSERT INTO `project_1`.`pricelist` (`comboid`, `level`, `price`) VALUES ('4', '3', '760');
INSERT INTO `project_1`.`pricelist` (`comboid`, `level`, `price`) VALUES ('5', '3', '600');
INSERT INTO `project_1`.`pricelist` (`comboid`, `level`, `price`) VALUES ('6', '3', '750');
INSERT INTO `project_1`.`pricelist` (`comboid`, `level`, `price`) VALUES ('7', '3', '900');
INSERT INTO `project_1`.`pricelist` (`comboid`, `level`, `price`) VALUES ('8', '3', '1050');
INSERT INTO `project_1`.`pricelist` (`comboid`, `level`, `price`) VALUES ('9', '3', '1140');
INSERT INTO `project_1`.`pricelist` (`comboid`, `level`, `price`) VALUES ('10', '3', '1320');
INSERT INTO `project_1`.`pricelist` (`comboid`, `level`, `price`) VALUES ('11', '3', '1500');
INSERT INTO `project_1`.`pricelist` (`comboid`, `level`, `price`) VALUES ('12', '3', '1680');



# insert data into table orders




INSERT INTO `project_1`.`orders` (`cusid`, `phid`, `comboid`, `orderid`) VALUES ('00001', '10004', '6', '20001');
INSERT INTO `project_1`.`orders` (`cusid`, `phid`, `comboid`, `orderid`) VALUES ('00002', '10005', '12', '20002');
INSERT INTO `project_1`.`orders` (`cusid`, `phid`, `comboid`, `orderid`) VALUES ('00003', '10006', '6', '20003');
INSERT INTO `project_1`.`orders` (`cusid`, `phid`, `comboid`, `orderid`) VALUES ('00004', '10007', '11', '20004');
INSERT INTO `project_1`.`orders` (`cusid`, `phid`, `comboid`, `orderid`) VALUES ('00005', '10008', '3', '20005');
INSERT INTO `project_1`.`orders` (`cusid`, `phid`, `comboid`, `orderid`) VALUES ('00006', '10009', '8', '20006');
INSERT INTO `project_1`.`orders` (`cusid`, `phid`, `comboid`, `orderid`) VALUES ('00007', '10010', '7', '20007');
INSERT INTO `project_1`.`orders` (`cusid`, `phid`, `comboid`, `orderid`) VALUES ('00008', '10011', '10', '20008');
INSERT INTO `project_1`.`orders` (`cusid`, `phid`, `comboid`, `orderid`) VALUES ('00009', '10012', '5', '20009');
INSERT INTO `project_1`.`orders` (`cusid`, `phid`, `comboid`, `orderid`) VALUES ('00010', '10013', '1', '20010');
INSERT INTO `project_1`.`orders` (`cusid`, `phid`, `comboid`, `orderid`) VALUES ('00011', '10001', '5', '20011');
INSERT INTO `project_1`.`orders` (`cusid`, `phid`, `comboid`, `orderid`) VALUES ('00012', '10002', '5', '20012');
INSERT INTO `project_1`.`orders` (`cusid`, `phid`, `comboid`, `orderid`) VALUES ('00013', '10003', '7', '20013');
INSERT INTO `project_1`.`orders` (`cusid`, `phid`, `comboid`, `orderid`) VALUES ('00014', '10004', '3', '20014');
INSERT INTO `project_1`.`orders` (`cusid`, `phid`, `comboid`, `orderid`) VALUES ('00015', '10005', '11', '20015');
INSERT INTO `project_1`.`orders` (`cusid`, `phid`, `comboid`, `orderid`) VALUES ('00016', '10006', '2', '20016');
INSERT INTO `project_1`.`orders` (`cusid`, `phid`, `comboid`, `orderid`) VALUES ('00017', '10007', '12', '20017');
INSERT INTO `project_1`.`orders` (`cusid`, `phid`, `comboid`, `orderid`) VALUES ('00018', '10011', '9', '20018');
INSERT INTO `project_1`.`orders` (`cusid`, `phid`, `comboid`, `orderid`) VALUES ('00019', '10012', '9', '20019');
INSERT INTO `project_1`.`orders` (`cusid`, `phid`, `comboid`, `orderid`) VALUES ('00020', '10013', '7', '20020');
INSERT INTO `project_1`.`orders` (`cusid`, `phid`, `comboid`, `orderid`) VALUES ('00021', '10014', '8', '20021');
INSERT INTO `project_1`.`orders` (`cusid`, `phid`, `comboid`, `orderid`) VALUES ('00022', '10015', '11', '20022');
INSERT INTO `project_1`.`orders` (`cusid`, `phid`, `comboid`, `orderid`) VALUES ('00023', '10016', '7', '20023');
INSERT INTO `project_1`.`orders` (`cusid`, `phid`, `comboid`, `orderid`) VALUES ('00024', '10017', '12', '20024');
INSERT INTO `project_1`.`orders` (`cusid`, `phid`, `comboid`, `orderid`) VALUES ('00025', '10018', '5', '20025');
INSERT INTO `project_1`.`orders` (`cusid`, `phid`, `comboid`, `orderid`) VALUES ('00026', '10004', '3', '20026');
INSERT INTO `project_1`.`orders` (`cusid`, `phid`, `comboid`, `orderid`) VALUES ('00027', '10005', '8', '20027');
INSERT INTO `project_1`.`orders` (`cusid`, `phid`, `comboid`, `orderid`) VALUES ('00028', '10006', '7', '20028');
INSERT INTO `project_1`.`orders` (`cusid`, `phid`, `comboid`, `orderid`) VALUES ('00029', '10007', '7', '20029');
INSERT INTO `project_1`.`orders` (`cusid`, `phid`, `comboid`, `orderid`) VALUES ('00030', '10008', '5', '20030');
INSERT INTO `project_1`.`orders` (`cusid`, `phid`, `comboid`, `orderid`) VALUES ('00031', '10009', '10', '20031');
INSERT INTO `project_1`.`orders` (`cusid`, `phid`, `comboid`, `orderid`) VALUES ('00032', '10013', '10', '20032');
INSERT INTO `project_1`.`orders` (`cusid`, `phid`, `comboid`, `orderid`) VALUES ('00033', '10014', '10', '20033');
INSERT INTO `project_1`.`orders` (`cusid`, `phid`, `comboid`, `orderid`) VALUES ('00034', '10015', '8', '20034');
INSERT INTO `project_1`.`orders` (`cusid`, `phid`, `comboid`, `orderid`) VALUES ('00035', '10016', '6', '20035');
INSERT INTO `project_1`.`orders` (`cusid`, `phid`, `comboid`, `orderid`) VALUES ('00036', '10017', '5', '20036');
INSERT INTO `project_1`.`orders` (`cusid`, `phid`, `comboid`, `orderid`) VALUES ('00037', '10003', '4', '20037');
INSERT INTO `project_1`.`orders` (`cusid`, `phid`, `comboid`, `orderid`) VALUES ('00038', '10004', '1', '20038');
INSERT INTO `project_1`.`orders` (`cusid`, `phid`, `comboid`, `orderid`) VALUES ('00039', '10019', '5', '20039');
INSERT INTO `project_1`.`orders` (`cusid`, `phid`, `comboid`, `orderid`) VALUES ('00040', '10001', '9', '20040');
INSERT INTO `project_1`.`orders` (`cusid`, `phid`, `comboid`, `orderid`) VALUES ('00041', '10002', '8', '20041');
INSERT INTO `project_1`.`orders` (`cusid`, `phid`, `comboid`, `orderid`) VALUES ('00042', '10003', '9', '20042');
INSERT INTO `project_1`.`orders` (`cusid`, `phid`, `comboid`, `orderid`) VALUES ('00043', '10004', '12', '20043');
INSERT INTO `project_1`.`orders` (`cusid`, `phid`, `comboid`, `orderid`) VALUES ('00044', '10005', '10', '20044');
INSERT INTO `project_1`.`orders` (`cusid`, `phid`, `comboid`, `orderid`) VALUES ('00045', '10006', '10', '20045');
INSERT INTO `project_1`.`orders` (`cusid`, `phid`, `comboid`, `orderid`) VALUES ('00046', '10007', '7', '20046');
INSERT INTO `project_1`.`orders` (`cusid`, `phid`, `comboid`, `orderid`) VALUES ('00047', '10008', '9', '20047');
INSERT INTO `project_1`.`orders` (`cusid`, `phid`, `comboid`, `orderid`) VALUES ('00048', '10009', '5', '20048');
INSERT INTO `project_1`.`orders` (`cusid`, `phid`, `comboid`, `orderid`) VALUES ('00049', '10010', '3', '20049');

# insert data into table order_details

INSERT INTO `project_1`.`order_details` (`orderid`, `price`, `location`, `starttime`, `endtime`, `score`) VALUES ('20001', '455', 'BEIJING INSTITUTE OF TECHNOLOGY', '2017/4/1', '2017/4/2', '9');
INSERT INTO `project_1`.`order_details` (`orderid`, `price`, `location`, `starttime`, `endtime`, `score`) VALUES ('20002', '1348', 'Renmin University of China', '2017/4/2', '2017/4/3', '7');
INSERT INTO `project_1`.`order_details` (`orderid`, `price`, `location`, `starttime`, `endtime`, `score`) VALUES ('20003', '1675', 'Renmin University of China', '2017/4/3', '2017/4/4', '2');
INSERT INTO `project_1`.`order_details` (`orderid`, `price`, `location`, `starttime`, `endtime`, `score`) VALUES ('20004', '266', 'Peking University', '2017/4/4', '2017/4/5', '8');
INSERT INTO `project_1`.`order_details` (`orderid`, `price`, `location`, `starttime`, `endtime`, `score`) VALUES ('20005', '572', 'Renmin University of China', '2017/4/5', '2017/4/6', '5');
INSERT INTO `project_1`.`order_details` (`orderid`, `price`, `location`, `starttime`, `endtime`, `score`) VALUES ('20006', '1256', 'Renmin University of China', '2017/4/6', '2017/4/7', '10');
INSERT INTO `project_1`.`order_details` (`orderid`, `price`, `location`, `starttime`, `endtime`, `score`) VALUES ('20007', '851', 'Renmin University of China', '2017/4/7', '2017/4/8', '10');
INSERT INTO `project_1`.`order_details` (`orderid`, `price`, `location`, `starttime`, `endtime`, `score`) VALUES ('20008', '965', 'Renmin University of China', '2017/4/8', '2017/4/9', '7');
INSERT INTO `project_1`.`order_details` (`orderid`, `price`, `location`, `starttime`, `endtime`, `score`) VALUES ('20009', '1411', 'Renmin University of China', '2017/4/9', '2017/4/10', '6');
INSERT INTO `project_1`.`order_details` (`orderid`, `price`, `location`, `starttime`, `endtime`, `score`) VALUES ('20010', '993', 'Renmin University of China', '2017/4/10', '2017/4/11', '6');
INSERT INTO `project_1`.`order_details` (`orderid`, `price`, `location`, `starttime`, `endtime`, `score`) VALUES ('20011', '710', 'Renmin University of China', '2017/4/11', '2017/4/12', '7');
INSERT INTO `project_1`.`order_details` (`orderid`, `price`, `location`, `starttime`, `endtime`, `score`) VALUES ('20012', '1495', 'Renmin University of China', '2017/4/12', '2017/4/13', '4');
INSERT INTO `project_1`.`order_details` (`orderid`, `price`, `location`, `starttime`, `endtime`, `score`) VALUES ('20013', '1206', 'Peking University', '2017/4/13', '2017/4/14', '3');
INSERT INTO `project_1`.`order_details` (`orderid`, `price`, `location`, `starttime`, `endtime`, `score`) VALUES ('20014', '1095', 'Renmin University of China', '2017/4/14', '2017/4/15', '7');
INSERT INTO `project_1`.`order_details` (`orderid`, `price`, `location`, `starttime`, `endtime`, `score`) VALUES ('20015', '1499', 'Renmin University of China', '2017/4/15', '2017/4/16', '2');
INSERT INTO `project_1`.`order_details` (`orderid`, `price`, `location`, `starttime`, `endtime`, `score`) VALUES ('20016', '474', 'Renmin University of China', '2017/4/16', '2017/4/17', '10');
INSERT INTO `project_1`.`order_details` (`orderid`, `price`, `location`, `starttime`, `endtime`, `score`) VALUES ('20017', '483', 'Peking University', '2017/4/17', '2017/4/18', '6');
INSERT INTO `project_1`.`order_details` (`orderid`, `price`, `location`, `starttime`, `endtime`, `score`) VALUES ('20018', '1680', 'Renmin University of China', '2017/4/18', '2017/4/19', '8');
INSERT INTO `project_1`.`order_details` (`orderid`, `price`, `location`, `starttime`, `endtime`, `score`) VALUES ('20019', '531', 'Renmin University of China', '2017/4/19', '2017/4/20', '4');
INSERT INTO `project_1`.`order_details` (`orderid`, `price`, `location`, `starttime`, `endtime`, `score`) VALUES ('20020', '1485', 'Minzu University of China', '2017/4/20', '2017/4/21', '2');
INSERT INTO `project_1`.`order_details` (`orderid`, `price`, `location`, `starttime`, `endtime`, `score`) VALUES ('20021', '1403', 'Renmin University of China', '2017/4/21', '2017/4/22', '7');
INSERT INTO `project_1`.`order_details` (`orderid`, `price`, `location`, `starttime`, `endtime`, `score`) VALUES ('20022', '384', 'Renmin University of China', '2017/4/22', '2017/4/23', '3');
INSERT INTO `project_1`.`order_details` (`orderid`, `price`, `location`, `starttime`, `endtime`, `score`) VALUES ('20023', '1421', 'Central University of Finance and Economics', '2017/4/23', '2017/4/24', '9');
INSERT INTO `project_1`.`order_details` (`orderid`, `price`, `location`, `starttime`, `endtime`, `score`) VALUES ('20024', '392', 'Renmin University of China', '2017/4/24', '2017/4/25', '7');
INSERT INTO `project_1`.`order_details` (`orderid`, `price`, `location`, `starttime`, `endtime`, `score`) VALUES ('20025', '1316', 'Renmin University of China', '2017/4/25', '2017/4/26', '8');
INSERT INTO `project_1`.`order_details` (`orderid`, `price`, `location`, `starttime`, `endtime`, `score`) VALUES ('20026', '1525', 'Renmin University of China', '2017/4/26', '2017/4/27', '5');
INSERT INTO `project_1`.`order_details` (`orderid`, `price`, `location`, `starttime`, `endtime`, `score`) VALUES ('20027', '1367', 'BEIJING INSTITUTE OF TECHNOLOGY', '2017/4/27', '2017/4/28', '8');
INSERT INTO `project_1`.`order_details` (`orderid`, `price`, `location`, `starttime`, `endtime`, `score`) VALUES ('20028', '996', 'Renmin University of China', '2017/4/28', '2017/4/29', '8');
INSERT INTO `project_1`.`order_details` (`orderid`, `price`, `location`, `starttime`, `endtime`, `score`) VALUES ('20029', '1469', 'Renmin University of China', '2017/4/29', '2017/4/30', '9');
INSERT INTO `project_1`.`order_details` (`orderid`, `price`, `location`, `starttime`, `endtime`, `score`) VALUES ('20030', '358', 'Renmin University of China', '2017/4/30', '2017/5/1', '4');
INSERT INTO `project_1`.`order_details` (`orderid`, `price`, `location`, `starttime`, `endtime`, `score`) VALUES ('20031', '690', 'Renmin University of China', '2017/5/1', '2017/5/2', '4');
INSERT INTO `project_1`.`order_details` (`orderid`, `price`, `location`, `starttime`, `endtime`, `score`) VALUES ('20032', '1130', 'Renmin University of China', '2017/5/2', '2017/5/3', '9');
INSERT INTO `project_1`.`order_details` (`orderid`, `price`, `location`, `starttime`, `endtime`, `score`) VALUES ('20033', '719', 'Renmin University of China', '2017/5/3', '2017/5/4', '5');
INSERT INTO `project_1`.`order_details` (`orderid`, `price`, `location`, `starttime`, `endtime`, `score`) VALUES ('20034', '957', 'Central University of Finance and Economics', '2017/5/4', '2017/5/5', '7');
INSERT INTO `project_1`.`order_details` (`orderid`, `price`, `location`, `starttime`, `endtime`, `score`) VALUES ('20035', '699', 'Renmin University of China', '2017/5/5', '2017/5/6', '9');
INSERT INTO `project_1`.`order_details` (`orderid`, `price`, `location`, `starttime`, `endtime`, `score`) VALUES ('20036', '532', 'Renmin University of China', '2017/5/6', '2017/5/7', '7');
INSERT INTO `project_1`.`order_details` (`orderid`, `price`, `location`, `starttime`, `endtime`, `score`) VALUES ('20037', '1576', 'BEIJING INSTITUTE OF TECHNOLOGY', '2017/5/7', '2017/5/8', '1');
INSERT INTO `project_1`.`order_details` (`orderid`, `price`, `location`, `starttime`, `endtime`, `score`) VALUES ('20038', '344', 'Renmin University of China', '2017/5/8', '2017/5/9', '1');
INSERT INTO `project_1`.`order_details` (`orderid`, `price`, `location`, `starttime`, `endtime`, `score`) VALUES ('20039', '1055', 'Renmin University of China', '2017/5/9', '2017/5/10', '4');
INSERT INTO `project_1`.`order_details` (`orderid`, `price`, `location`, `starttime`, `endtime`, `score`) VALUES ('20040', '1339', 'Minzu University of China', '2017/5/10', '2017/5/11', '8');
INSERT INTO `project_1`.`order_details` (`orderid`, `price`, `location`, `starttime`, `endtime`, `score`) VALUES ('20041', '858', 'Renmin University of China', '2017/5/11', '2017/5/12', '6');
INSERT INTO `project_1`.`order_details` (`orderid`, `price`, `location`, `starttime`, `endtime`, `score`) VALUES ('20042', '251', 'Renmin University of China', '2017/5/12', '2017/5/13', '10');
INSERT INTO `project_1`.`order_details` (`orderid`, `price`, `location`, `starttime`, `endtime`, `score`) VALUES ('20043', '455', 'Renmin University of China', '2017/5/13', '2017/5/14', '8');
INSERT INTO `project_1`.`order_details` (`orderid`, `price`, `location`, `starttime`, `endtime`, `score`) VALUES ('20044', '639', 'Renmin University of China', '2017/5/14', '2017/5/15', '7');
INSERT INTO `project_1`.`order_details` (`orderid`, `price`, `location`, `starttime`, `endtime`, `score`) VALUES ('20045', '1065', 'Peking University', '2017/5/15', '2017/5/16', '9');
INSERT INTO `project_1`.`order_details` (`orderid`, `price`, `location`, `starttime`, `endtime`, `score`) VALUES ('20046', '810', 'Central University of Finance and Economics', '2017/5/16', '2017/5/17', '9');
INSERT INTO `project_1`.`order_details` (`orderid`, `price`, `location`, `starttime`, `endtime`, `score`) VALUES ('20047', '1348', 'Renmin University of China', '2017/5/17', '2017/5/18', '2');
INSERT INTO `project_1`.`order_details` (`orderid`, `price`, `location`, `starttime`, `endtime`, `score`) VALUES ('20048', '1344', 'Renmin University of China', '2017/5/18', '2017/5/19', '1');
INSERT INTO `project_1`.`order_details` (`orderid`, `price`, `location`, `starttime`, `endtime`, `score`) VALUES ('20049', '780', 'University of International Business and Economics', '2017/5/19', '2017/5/20', '9');



